Filename,Is Prose?
tesserae/texts/grc/achilles_tatius.leucippe_et_clitophon.tess,True
tesserae/texts/grc/aelian.de_natura_animalium.tess,True
tesserae/texts/grc/aelian.epistulae_rusticae.tess,True
tesserae/texts/grc/aelian.varia_historia.tess,True
tesserae/texts/grc/aelius_aristides.ars_rhetorica.tess,True
tesserae/texts/grc/aelius_aristides.orationes.tess,True
tesserae/texts/grc/aeschines.against_ctesiphon.tess,True
tesserae/texts/grc/aeschines.against_timarchus.tess,True
tesserae/texts/grc/aeschines.on_the_embassy.tess,True
tesserae/texts/grc/aeschylus.agamemnon.tess,False
tesserae/texts/grc/aeschylus.eumenides.tess,False
tesserae/texts/grc/aeschylus.libation_bearers.tess,False
tesserae/texts/grc/aeschylus.persians.tess,False
tesserae/texts/grc/aeschylus.prometheus_bound.tess,False
tesserae/texts/grc/aeschylus.seven_against_thebes.tess,False
tesserae/texts/grc/aeschylus.suppliant_women.tess,False
tesserae/texts/grc/andocides.against_alcibiades.tess,True
tesserae/texts/grc/andocides.on_his_return.tess,True
tesserae/texts/grc/andocides.on_the_mysteries.tess,True
tesserae/texts/grc/andocides.on_the_peace.tess,True
tesserae/texts/grc/antiphon.speeches.tess,True
tesserae/texts/grc/antiphon.speeches/antiphon.speeches.part.1.against_the_stepmother_for_poisoning.tess,True
tesserae/texts/grc/antiphon.speeches/antiphon.speeches.part.2.first_tetralogy.tess,True
tesserae/texts/grc/antiphon.speeches/antiphon.speeches.part.3.second_tetralogy.tess,True
tesserae/texts/grc/antiphon.speeches/antiphon.speeches.part.4.third_tetralogy.tess,True
tesserae/texts/grc/antiphon.speeches/antiphon.speeches.part.5.on_the_murder_of_herodes.tess,True
tesserae/texts/grc/antiphon.speeches/antiphon.speeches.part.6.on_the_choreutes.tess,True
tesserae/texts/grc/apollodorus.epitome.tess,True
tesserae/texts/grc/apollodorus.library.tess,True
tesserae/texts/grc/apollonius.argonautica.tess,False
tesserae/texts/grc/apollonius.argonautica/apollonius.argonautica.part.1.tess,False
tesserae/texts/grc/apollonius.argonautica/apollonius.argonautica.part.2.tess,False
tesserae/texts/grc/apollonius.argonautica/apollonius.argonautica.part.3.tess,False
tesserae/texts/grc/apollonius.argonautica/apollonius.argonautica.part.4.tess,False
tesserae/texts/grc/appian.civil_wars.tess,True
tesserae/texts/grc/appian.civil_wars/appian.civil_wars.part.1.tess,True
tesserae/texts/grc/appian.civil_wars/appian.civil_wars.part.2.tess,True
tesserae/texts/grc/appian.civil_wars/appian.civil_wars.part.3.tess,True
tesserae/texts/grc/appian.civil_wars/appian.civil_wars.part.4.tess,True
tesserae/texts/grc/appian.civil_wars/appian.civil_wars.part.5.tess,True
tesserae/texts/grc/aretaeus.curatione_acutorum_morbum.tess,True
tesserae/texts/grc/aretaeus.signorum_acutorum_morbum.tess,True
tesserae/texts/grc/aristophanes.acharnians.tess,False
tesserae/texts/grc/aristophanes.birds.tess,False
tesserae/texts/grc/aristophanes.clouds.tess,False
tesserae/texts/grc/aristophanes.ecclesiazusae.tess,False
tesserae/texts/grc/aristophanes.frogs.tess,False
tesserae/texts/grc/aristophanes.knights.tess,False
tesserae/texts/grc/aristophanes.lysistrata.tess,False
tesserae/texts/grc/aristophanes.peace.tess,False
tesserae/texts/grc/aristophanes.plutus.tess,False
tesserae/texts/grc/aristophanes.thesmophoriazusae.tess,False
tesserae/texts/grc/aristophanes.wasps.tess,False
tesserae/texts/grc/aristotle.constitution.tess,True
tesserae/texts/grc/aristotle.economics.tess,True
tesserae/texts/grc/aristotle.eudemian_ethics.tess,True
tesserae/texts/grc/aristotle.metaphysics.tess,True
tesserae/texts/grc/aristotle.nicomachean_ethics.tess,True
tesserae/texts/grc/aristotle.poetics.tess,True
tesserae/texts/grc/aristotle.politics.tess,True
tesserae/texts/grc/aristotle.rhetoric.tess,True
tesserae/texts/grc/aristotle.virtues_and_vices.tess,True
tesserae/texts/grc/athenaeus.deipnosophists.tess,True
tesserae/texts/grc/bacchylides.dithyrambs.tess,False
tesserae/texts/grc/bacchylides.epinicians.tess,False
tesserae/texts/grc/barnabas.barnabae_epistulae.tess,True
tesserae/texts/grc/basil_of_caesarea.de_legendis.tess,True
tesserae/texts/grc/basil_of_caesarea.epistulae.tess,True
tesserae/texts/grc/bion_of_phlossa.epitaphius.tess,False
tesserae/texts/grc/bion_of_phlossa.epithalamium.tess,False
tesserae/texts/grc/bion_of_phlossa.fragmenta.tess,False
tesserae/texts/grc/callimachus.epigrams.tess,False
tesserae/texts/grc/callimachus.hymns.tess,False
tesserae/texts/grc/callistratus.statuarum_descriptiones.tess,True
tesserae/texts/grc/chariton.de_chaerea.tess,True
tesserae/texts/grc/clement.exhortation.tess,True
tesserae/texts/grc/clement.protrepticus.tess,True
tesserae/texts/grc/clement.quis_dis_salvetur.tess,True
tesserae/texts/grc/colluthus.rape_of_helen.tess,False
tesserae/texts/grc/demades.on_the_twelve_years.tess,True
tesserae/texts/grc/demetrius.elocutione.tess,True
tesserae/texts/grc/demosthenes.against_androtion.tess,True
tesserae/texts/grc/demosthenes.against_apatourius.tess,True
tesserae/texts/grc/demosthenes.against_aphobus.tess,True
tesserae/texts/grc/demosthenes.against_aphobus_1.tess,True
tesserae/texts/grc/demosthenes.against_aphobus_2.tess,True
tesserae/texts/grc/demosthenes.against_aristocrates.tess,True
tesserae/texts/grc/demosthenes.against_aristogiton_1.tess,True
tesserae/texts/grc/demosthenes.against_aristogiton_2.tess,True
tesserae/texts/grc/demosthenes.against_boeotus_1.tess,True
tesserae/texts/grc/demosthenes.against_boeotus_2.tess,True
tesserae/texts/grc/demosthenes.against_callicles.tess,True
tesserae/texts/grc/demosthenes.against_callippus.tess,True
tesserae/texts/grc/demosthenes.against_conon.tess,True
tesserae/texts/grc/demosthenes.against_dionysodorus.tess,True
tesserae/texts/grc/demosthenes.against_eubulides.tess,True
tesserae/texts/grc/demosthenes.against_evergus_and_mnesibulus.tess,True
tesserae/texts/grc/demosthenes.against_lacritus.tess,True
tesserae/texts/grc/demosthenes.against_leochares.tess,True
tesserae/texts/grc/demosthenes.against_leptines.tess,True
tesserae/texts/grc/demosthenes.against_macartatus.tess,True
tesserae/texts/grc/demosthenes.against_midias.tess,True
tesserae/texts/grc/demosthenes.against_nausimachus_and_xenopeithes.tess,True
tesserae/texts/grc/demosthenes.against_neaera.tess,True
tesserae/texts/grc/demosthenes.against_nicostratus.tess,True
tesserae/texts/grc/demosthenes.against_olympiodorus.tess,True
tesserae/texts/grc/demosthenes.against_onetor_30.tess,True
tesserae/texts/grc/demosthenes.against_onetor_31.tess,True
tesserae/texts/grc/demosthenes.against_pantaenetus.tess,True
tesserae/texts/grc/demosthenes.against_phaenippus.tess,True
tesserae/texts/grc/demosthenes.against_phormio.tess,True
tesserae/texts/grc/demosthenes.against_polycles.tess,True
tesserae/texts/grc/demosthenes.against_spudias.tess,True
tesserae/texts/grc/demosthenes.against_stephanus_1.tess,True
tesserae/texts/grc/demosthenes.against_stephanus_2.tess,True
tesserae/texts/grc/demosthenes.against_theocrines.tess,True
tesserae/texts/grc/demosthenes.against_timocrates.tess,True
tesserae/texts/grc/demosthenes.against_timotheus.tess,True
tesserae/texts/grc/demosthenes.against_zenothemis.tess,True
tesserae/texts/grc/demosthenes.erotic_essay.tess,True
tesserae/texts/grc/demosthenes.exordia.tess,True
tesserae/texts/grc/demosthenes.for_phormio.tess,True
tesserae/texts/grc/demosthenes.for_the_megalopitans.tess,True
tesserae/texts/grc/demosthenes.funeral_speech.tess,True
tesserae/texts/grc/demosthenes.letters.tess,True
tesserae/texts/grc/demosthenes.olynthiac_1.tess,True
tesserae/texts/grc/demosthenes.olynthiac_2.tess,True
tesserae/texts/grc/demosthenes.olynthiac_3.tess,True
tesserae/texts/grc/demosthenes.on_organization.tess,True
tesserae/texts/grc/demosthenes.on_the_accession_of_alexander.tess,True
tesserae/texts/grc/demosthenes.on_the_chersonese.tess,True
tesserae/texts/grc/demosthenes.on_the_crown.tess,True
tesserae/texts/grc/demosthenes.on_the_false_embassy.tess,True
tesserae/texts/grc/demosthenes.on_the_halonnesus.tess,True
tesserae/texts/grc/demosthenes.on_the_liberty_of_the_rhodians.tess,True
tesserae/texts/grc/demosthenes.on_the_navy.tess,True
tesserae/texts/grc/demosthenes.on_the_peace.tess,True
tesserae/texts/grc/demosthenes.on_the_trierarchic_crown.tess,True
tesserae/texts/grc/demosthenes.philip.tess,True
tesserae/texts/grc/demosthenes.philippic_1.tess,True
tesserae/texts/grc/demosthenes.philippic_2.tess,True
tesserae/texts/grc/demosthenes.philippic_3.tess,True
tesserae/texts/grc/demosthenes.philippic_4.tess,True
tesserae/texts/grc/demosthenes.reply_to_philip.tess,True
tesserae/texts/grc/dinarchus.against_aristogiton.tess,True
tesserae/texts/grc/dinarchus.against_demosthenes.tess,True
tesserae/texts/grc/dinarchus.against_philocles.tess,True
tesserae/texts/grc/dionysius_halicarnassensis.ad_ammaeum.tess,True
tesserae/texts/grc/dionysius_halicarnassensis.antiquitates_romanae.tess,True
tesserae/texts/grc/dionysius_halicarnassensis.antiquitates_romanae/dionysius_halicarnassensis.antiquitates_romanae.part.1.tess,True
tesserae/texts/grc/dionysius_halicarnassensis.antiquitates_romanae/dionysius_halicarnassensis.antiquitates_romanae.part.10.tess,True
tesserae/texts/grc/dionysius_halicarnassensis.antiquitates_romanae/dionysius_halicarnassensis.antiquitates_romanae.part.11.tess,True
tesserae/texts/grc/dionysius_halicarnassensis.antiquitates_romanae/dionysius_halicarnassensis.antiquitates_romanae.part.12.books_12-20.tess,True
tesserae/texts/grc/dionysius_halicarnassensis.antiquitates_romanae/dionysius_halicarnassensis.antiquitates_romanae.part.2.tess,True
tesserae/texts/grc/dionysius_halicarnassensis.antiquitates_romanae/dionysius_halicarnassensis.antiquitates_romanae.part.3.tess,True
tesserae/texts/grc/dionysius_halicarnassensis.antiquitates_romanae/dionysius_halicarnassensis.antiquitates_romanae.part.4.tess,True
tesserae/texts/grc/dionysius_halicarnassensis.antiquitates_romanae/dionysius_halicarnassensis.antiquitates_romanae.part.5.tess,True
tesserae/texts/grc/dionysius_halicarnassensis.antiquitates_romanae/dionysius_halicarnassensis.antiquitates_romanae.part.6.tess,True
tesserae/texts/grc/dionysius_halicarnassensis.antiquitates_romanae/dionysius_halicarnassensis.antiquitates_romanae.part.7.tess,True
tesserae/texts/grc/dionysius_halicarnassensis.antiquitates_romanae/dionysius_halicarnassensis.antiquitates_romanae.part.8.tess,True
tesserae/texts/grc/dionysius_halicarnassensis.antiquitates_romanae/dionysius_halicarnassensis.antiquitates_romanae.part.9.tess,True
tesserae/texts/grc/dionysius_halicarnassensis.de_antiquis_oratoribus.tess,True
tesserae/texts/grc/dionysius_halicarnassensis.de_compositione_verborum.tess,True
tesserae/texts/grc/dionysius_halicarnassensis.de_demosthene.tess,True
tesserae/texts/grc/dionysius_halicarnassensis.de_dinarcho.tess,True
tesserae/texts/grc/dionysius_halicarnassensis.de_isaeo.tess,True
tesserae/texts/grc/dionysius_halicarnassensis.de_isocrate.tess,True
tesserae/texts/grc/dionysius_halicarnassensis.de_lysia.tess,True
tesserae/texts/grc/dionysius_halicarnassensis.de_thucydide.tess,True
tesserae/texts/grc/dionysius_halicarnassensis.de_thucydidis_idiomatibus.tess,True
tesserae/texts/grc/dionysius_halicarnassensis.epistula_ad_pompeium.tess,True
tesserae/texts/grc/dionysius_halicarnassensis.libri_secundi_de_antiquis_oratoribus_reliquiae.tess,True
tesserae/texts/grc/epictetus.discourses.tess,True
tesserae/texts/grc/epictetus.enchiridion.tess,True
tesserae/texts/grc/epictetus.fragments.tess,True
tesserae/texts/grc/euclid.elements.tess,True
tesserae/texts/grc/euripides.alcestis.tess,False
tesserae/texts/grc/euripides.andromache.tess,False
tesserae/texts/grc/euripides.bacchae.tess,False
tesserae/texts/grc/euripides.cyclops.tess,False
tesserae/texts/grc/euripides.electra.tess,False
tesserae/texts/grc/euripides.hecuba.tess,False
tesserae/texts/grc/euripides.helen.tess,False
tesserae/texts/grc/euripides.heracleidae.tess,False
tesserae/texts/grc/euripides.heracles.tess,False
tesserae/texts/grc/euripides.hippolytus.tess,False
tesserae/texts/grc/euripides.ion.tess,False
tesserae/texts/grc/euripides.iphigenia_aulis.tess,False
tesserae/texts/grc/euripides.iphigenia_tauris.tess,False
tesserae/texts/grc/euripides.medea.tess,False
tesserae/texts/grc/euripides.orestes.tess,False
tesserae/texts/grc/euripides.phoenissae.tess,False
tesserae/texts/grc/euripides.rhesus.tess,False
tesserae/texts/grc/euripides.suppliants.tess,False
tesserae/texts/grc/euripides.trojan_women.tess,False
tesserae/texts/grc/eusebius_caesarea.historia_ecclesiastica.tess,True
tesserae/texts/grc/eusebius_caesarea.historia_ecclesiastica/eusebius_caeserea.historia_ecclesiastica.part.1.tess,True
tesserae/texts/grc/eusebius_caesarea.historia_ecclesiastica/eusebius_caeserea.historia_ecclesiastica.part.10.tess,True
tesserae/texts/grc/eusebius_caesarea.historia_ecclesiastica/eusebius_caeserea.historia_ecclesiastica.part.2.tess,True
tesserae/texts/grc/eusebius_caesarea.historia_ecclesiastica/eusebius_caeserea.historia_ecclesiastica.part.3.tess,True
tesserae/texts/grc/eusebius_caesarea.historia_ecclesiastica/eusebius_caeserea.historia_ecclesiastica.part.4.tess,True
tesserae/texts/grc/eusebius_caesarea.historia_ecclesiastica/eusebius_caeserea.historia_ecclesiastica.part.5.tess,True
tesserae/texts/grc/eusebius_caesarea.historia_ecclesiastica/eusebius_caeserea.historia_ecclesiastica.part.6.tess,True
tesserae/texts/grc/eusebius_caesarea.historia_ecclesiastica/eusebius_caeserea.historia_ecclesiastica.part.7.tess,True
tesserae/texts/grc/eusebius_caesarea.historia_ecclesiastica/eusebius_caeserea.historia_ecclesiastica.part.8.tess,True
tesserae/texts/grc/eusebius_caesarea.historia_ecclesiastica/eusebius_caeserea.historia_ecclesiastica.part.9.tess,True
tesserae/texts/grc/flavius_josephus.antiquitates_judaicae.tess,True
tesserae/texts/grc/flavius_josephus.antiquitates_judaicae/flavius_josephus.antiquitates_judaicae.part.1.tess,True
tesserae/texts/grc/flavius_josephus.antiquitates_judaicae/flavius_josephus.antiquitates_judaicae.part.10.tess,True
tesserae/texts/grc/flavius_josephus.antiquitates_judaicae/flavius_josephus.antiquitates_judaicae.part.11.tess,True
tesserae/texts/grc/flavius_josephus.antiquitates_judaicae/flavius_josephus.antiquitates_judaicae.part.12.tess,True
tesserae/texts/grc/flavius_josephus.antiquitates_judaicae/flavius_josephus.antiquitates_judaicae.part.13.tess,True
tesserae/texts/grc/flavius_josephus.antiquitates_judaicae/flavius_josephus.antiquitates_judaicae.part.14.tess,True
tesserae/texts/grc/flavius_josephus.antiquitates_judaicae/flavius_josephus.antiquitates_judaicae.part.15.tess,True
tesserae/texts/grc/flavius_josephus.antiquitates_judaicae/flavius_josephus.antiquitates_judaicae.part.16.tess,True
tesserae/texts/grc/flavius_josephus.antiquitates_judaicae/flavius_josephus.antiquitates_judaicae.part.17.tess,True
tesserae/texts/grc/flavius_josephus.antiquitates_judaicae/flavius_josephus.antiquitates_judaicae.part.18.tess,True
tesserae/texts/grc/flavius_josephus.antiquitates_judaicae/flavius_josephus.antiquitates_judaicae.part.19.tess,True
tesserae/texts/grc/flavius_josephus.antiquitates_judaicae/flavius_josephus.antiquitates_judaicae.part.2.tess,True
tesserae/texts/grc/flavius_josephus.antiquitates_judaicae/flavius_josephus.antiquitates_judaicae.part.20.tess,True
tesserae/texts/grc/flavius_josephus.antiquitates_judaicae/flavius_josephus.antiquitates_judaicae.part.3.tess,True
tesserae/texts/grc/flavius_josephus.antiquitates_judaicae/flavius_josephus.antiquitates_judaicae.part.4.tess,True
tesserae/texts/grc/flavius_josephus.antiquitates_judaicae/flavius_josephus.antiquitates_judaicae.part.5.tess,True
tesserae/texts/grc/flavius_josephus.antiquitates_judaicae/flavius_josephus.antiquitates_judaicae.part.6.tess,True
tesserae/texts/grc/flavius_josephus.antiquitates_judaicae/flavius_josephus.antiquitates_judaicae.part.7.tess,True
tesserae/texts/grc/flavius_josephus.antiquitates_judaicae/flavius_josephus.antiquitates_judaicae.part.8.tess,True
tesserae/texts/grc/flavius_josephus.antiquitates_judaicae/flavius_josephus.antiquitates_judaicae.part.9.tess,True
tesserae/texts/grc/flavius_josephus.contra_apionem.tess,True
tesserae/texts/grc/flavius_josephus.contra_apionem/flavius_josephus.contra_apionem.part.1.tess,True
tesserae/texts/grc/flavius_josephus.contra_apionem/flavius_josephus.contra_apionem.part.2.tess,True
tesserae/texts/grc/flavius_josephus.de_bello_judaico_libri_vii.tess,True
tesserae/texts/grc/flavius_josephus.de_bello_judaico_libri_vii/flavius_josephus.de_bello_judaico_libri_vii.part.1.tess,True
tesserae/texts/grc/flavius_josephus.de_bello_judaico_libri_vii/flavius_josephus.de_bello_judaico_libri_vii.part.2.tess,True
tesserae/texts/grc/flavius_josephus.de_bello_judaico_libri_vii/flavius_josephus.de_bello_judaico_libri_vii.part.3.tess,True
tesserae/texts/grc/flavius_josephus.de_bello_judaico_libri_vii/flavius_josephus.de_bello_judaico_libri_vii.part.4.tess,True
tesserae/texts/grc/flavius_josephus.de_bello_judaico_libri_vii/flavius_josephus.de_bello_judaico_libri_vii.part.5.tess,True
tesserae/texts/grc/flavius_josephus.de_bello_judaico_libri_vii/flavius_josephus.de_bello_judaico_libri_vii.part.6.tess,True
tesserae/texts/grc/flavius_josephus.de_bello_judaico_libri_vii/flavius_josephus.de_bello_judaico_libri_vii.part.7.tess,True
tesserae/texts/grc/flavius_josephus.josephi_vita.tess,True
tesserae/texts/grc/galen.natural_faculties.tess,True
tesserae/texts/grc/galen.natural_faculties/galen.natural_faculties.part.1.tess,True
tesserae/texts/grc/galen.natural_faculties/galen.natural_faculties.part.2.tess,True
tesserae/texts/grc/galen.natural_faculties/galen.natural_faculties.part.3.tess,True
tesserae/texts/grc/galen.natural_faculties/galen.natural_faculties.tess,True
tesserae/texts/grc/herodotus.histories.tess,True
tesserae/texts/grc/herodotus.histories/herodotus.histories.part.1.tess,True
tesserae/texts/grc/herodotus.histories/herodotus.histories.part.2.tess,True
tesserae/texts/grc/herodotus.histories/herodotus.histories.part.3.tess,True
tesserae/texts/grc/herodotus.histories/herodotus.histories.part.4.tess,True
tesserae/texts/grc/herodotus.histories/herodotus.histories.part.5.tess,True
tesserae/texts/grc/herodotus.histories/herodotus.histories.part.6.tess,True
tesserae/texts/grc/herodotus.histories/herodotus.histories.part.7.tess,True
tesserae/texts/grc/herodotus.histories/herodotus.histories.part.8.tess,True
tesserae/texts/grc/herodotus.histories/herodotus.histories.part.9.tess,True
tesserae/texts/grc/hippocrates.de_aere_aquis_et_locis.tess,True
tesserae/texts/grc/hippocrates.de_alimento.tess,True
tesserae/texts/grc/hippocrates.de_morbis_popularibus.tess,True
tesserae/texts/grc/hippocrates.de_prisca_medicina.tess,True
tesserae/texts/grc/hippocrates.jusjurandum.tess,True
tesserae/texts/grc/homer.iliad.tess,False
tesserae/texts/grc/homer.iliad/homer.iliad.part.1.tess,False
tesserae/texts/grc/homer.iliad/homer.iliad.part.10.tess,False
tesserae/texts/grc/homer.iliad/homer.iliad.part.11.tess,False
tesserae/texts/grc/homer.iliad/homer.iliad.part.12.tess,False
tesserae/texts/grc/homer.iliad/homer.iliad.part.13.tess,False
tesserae/texts/grc/homer.iliad/homer.iliad.part.14.tess,False
tesserae/texts/grc/homer.iliad/homer.iliad.part.15.tess,False
tesserae/texts/grc/homer.iliad/homer.iliad.part.16.tess,False
tesserae/texts/grc/homer.iliad/homer.iliad.part.17.tess,False
tesserae/texts/grc/homer.iliad/homer.iliad.part.18.tess,False
tesserae/texts/grc/homer.iliad/homer.iliad.part.19.tess,False
tesserae/texts/grc/homer.iliad/homer.iliad.part.2.tess,False
tesserae/texts/grc/homer.iliad/homer.iliad.part.20.tess,False
tesserae/texts/grc/homer.iliad/homer.iliad.part.21.tess,False
tesserae/texts/grc/homer.iliad/homer.iliad.part.22.tess,False
tesserae/texts/grc/homer.iliad/homer.iliad.part.23.tess,False
tesserae/texts/grc/homer.iliad/homer.iliad.part.24.tess,False
tesserae/texts/grc/homer.iliad/homer.iliad.part.3.tess,False
tesserae/texts/grc/homer.iliad/homer.iliad.part.4.tess,False
tesserae/texts/grc/homer.iliad/homer.iliad.part.5.tess,False
tesserae/texts/grc/homer.iliad/homer.iliad.part.6.tess,False
tesserae/texts/grc/homer.iliad/homer.iliad.part.7.tess,False
tesserae/texts/grc/homer.iliad/homer.iliad.part.8.tess,False
tesserae/texts/grc/homer.iliad/homer.iliad.part.9.tess,False
tesserae/texts/grc/homer.odyssey.tess,False
tesserae/texts/grc/homer.odyssey/homer.odyssey.part.1.tess,False
tesserae/texts/grc/homer.odyssey/homer.odyssey.part.10.tess,False
tesserae/texts/grc/homer.odyssey/homer.odyssey.part.11.tess,False
tesserae/texts/grc/homer.odyssey/homer.odyssey.part.12.tess,False
tesserae/texts/grc/homer.odyssey/homer.odyssey.part.13.tess,False
tesserae/texts/grc/homer.odyssey/homer.odyssey.part.14.tess,False
tesserae/texts/grc/homer.odyssey/homer.odyssey.part.15.tess,False
tesserae/texts/grc/homer.odyssey/homer.odyssey.part.16.tess,False
tesserae/texts/grc/homer.odyssey/homer.odyssey.part.17.tess,False
tesserae/texts/grc/homer.odyssey/homer.odyssey.part.18.tess,False
tesserae/texts/grc/homer.odyssey/homer.odyssey.part.19.tess,False
tesserae/texts/grc/homer.odyssey/homer.odyssey.part.2.tess,False
tesserae/texts/grc/homer.odyssey/homer.odyssey.part.20.tess,False
tesserae/texts/grc/homer.odyssey/homer.odyssey.part.21.tess,False
tesserae/texts/grc/homer.odyssey/homer.odyssey.part.22.tess,False
tesserae/texts/grc/homer.odyssey/homer.odyssey.part.23.tess,False
tesserae/texts/grc/homer.odyssey/homer.odyssey.part.24.tess,False
tesserae/texts/grc/homer.odyssey/homer.odyssey.part.3.tess,False
tesserae/texts/grc/homer.odyssey/homer.odyssey.part.4.tess,False
tesserae/texts/grc/homer.odyssey/homer.odyssey.part.5.tess,False
tesserae/texts/grc/homer.odyssey/homer.odyssey.part.6.tess,False
tesserae/texts/grc/homer.odyssey/homer.odyssey.part.7.tess,False
tesserae/texts/grc/homer.odyssey/homer.odyssey.part.8.tess,False
tesserae/texts/grc/homer.odyssey/homer.odyssey.part.9.tess,False
tesserae/texts/grc/hyperides.speeches.tess,True
tesserae/texts/grc/hyperides.speeches/hyperides.against_athenogenes.tess,True
tesserae/texts/grc/hyperides.speeches/hyperides.against_demosthenes.tess,True
tesserae/texts/grc/hyperides.speeches/hyperides.against_philippides.tess,True
tesserae/texts/grc/hyperides.speeches/hyperides.funeral_oration.tess,True
tesserae/texts/grc/hyperides.speeches/hyperides.in_defense_of_euxenippus.tess,True
tesserae/texts/grc/hyperides.speeches/hyperides.in_defense_of_lycophron.tess,True
tesserae/texts/grc/isaeus.speeches.tess,True
tesserae/texts/grc/isaeus.speeches/isaeus.speeches.part.1.tess,True
tesserae/texts/grc/isaeus.speeches/isaeus.speeches.part.10.tess,True
tesserae/texts/grc/isaeus.speeches/isaeus.speeches.part.11.tess,True
tesserae/texts/grc/isaeus.speeches/isaeus.speeches.part.12.tess,True
tesserae/texts/grc/isaeus.speeches/isaeus.speeches.part.2.tess,True
tesserae/texts/grc/isaeus.speeches/isaeus.speeches.part.3.tess,True
tesserae/texts/grc/isaeus.speeches/isaeus.speeches.part.4.tess,True
tesserae/texts/grc/isaeus.speeches/isaeus.speeches.part.5.tess,True
tesserae/texts/grc/isaeus.speeches/isaeus.speeches.part.6.tess,True
tesserae/texts/grc/isaeus.speeches/isaeus.speeches.part.7.tess,True
tesserae/texts/grc/isaeus.speeches/isaeus.speeches.part.8.tess,True
tesserae/texts/grc/isaeus.speeches/isaeus.speeches.part.9.tess,True
tesserae/texts/grc/isocrates.letters.tess,True
tesserae/texts/grc/isocrates.letters/isocrates.letters.part.1.tess,True
tesserae/texts/grc/isocrates.letters/isocrates.letters.part.2.tess,True
tesserae/texts/grc/isocrates.letters/isocrates.letters.part.3.tess,True
tesserae/texts/grc/isocrates.letters/isocrates.letters.part.4.tess,True
tesserae/texts/grc/isocrates.letters/isocrates.letters.part.5.tess,True
tesserae/texts/grc/isocrates.letters/isocrates.letters.part.6.tess,True
tesserae/texts/grc/isocrates.letters/isocrates.letters.part.7.tess,True
tesserae/texts/grc/isocrates.letters/isocrates.letters.part.8.tess,True
tesserae/texts/grc/isocrates.letters/isocrates.letters.part.9.tess,True
tesserae/texts/grc/isocrates.speeches.tess,True
tesserae/texts/grc/isocrates.speeches/isocrates.speeches.part.1.tess,True
tesserae/texts/grc/isocrates.speeches/isocrates.speeches.part.10.tess,True
tesserae/texts/grc/isocrates.speeches/isocrates.speeches.part.11.tess,True
tesserae/texts/grc/isocrates.speeches/isocrates.speeches.part.12.tess,True
tesserae/texts/grc/isocrates.speeches/isocrates.speeches.part.13.tess,True
tesserae/texts/grc/isocrates.speeches/isocrates.speeches.part.14.tess,True
tesserae/texts/grc/isocrates.speeches/isocrates.speeches.part.15.tess,True
tesserae/texts/grc/isocrates.speeches/isocrates.speeches.part.16.tess,True
tesserae/texts/grc/isocrates.speeches/isocrates.speeches.part.17.tess,True
tesserae/texts/grc/isocrates.speeches/isocrates.speeches.part.18.tess,True
tesserae/texts/grc/isocrates.speeches/isocrates.speeches.part.19.tess,True
tesserae/texts/grc/isocrates.speeches/isocrates.speeches.part.2.tess,True
tesserae/texts/grc/isocrates.speeches/isocrates.speeches.part.20.tess,True
tesserae/texts/grc/isocrates.speeches/isocrates.speeches.part.21.tess,True
tesserae/texts/grc/isocrates.speeches/isocrates.speeches.part.3.tess,True
tesserae/texts/grc/isocrates.speeches/isocrates.speeches.part.4.tess,True
tesserae/texts/grc/isocrates.speeches/isocrates.speeches.part.5.tess,True
tesserae/texts/grc/isocrates.speeches/isocrates.speeches.part.6.tess,True
tesserae/texts/grc/isocrates.speeches/isocrates.speeches.part.7.tess,True
tesserae/texts/grc/isocrates.speeches/isocrates.speeches.part.8.tess,True
tesserae/texts/grc/isocrates.speeches/isocrates.speeches.part.9.tess,True
tesserae/texts/grc/lucian.abdicatus.tess,True
tesserae/texts/grc/lucian.adversus_indoctum_et_libros_multos_ementem.tess,True
tesserae/texts/grc/lucian.alexander.tess,True
tesserae/texts/grc/lucian.anacharsis.tess,True
tesserae/texts/grc/lucian.apologia.tess,True
tesserae/texts/grc/lucian.bacchus.tess,True
tesserae/texts/grc/lucian.bis_accusatus_sive_tribunalia.tess,True
tesserae/texts/grc/lucian.calumniae_non_temere_credundum.tess,True
tesserae/texts/grc/lucian.cataplus.tess,True
tesserae/texts/grc/lucian.contemplantes.tess,True
tesserae/texts/grc/lucian.de_astrologia.tess,True
tesserae/texts/grc/lucian.de_domo.tess,True
tesserae/texts/grc/lucian.de_luctu.tess,True
tesserae/texts/grc/lucian.de_mercede.tess,True
tesserae/texts/grc/lucian.de_morte_peregrini.tess,True
tesserae/texts/grc/lucian.de_parasito_sive_artem_esse_parasiticam.tess,True
tesserae/texts/grc/lucian.de_sacrificiis.tess,True
tesserae/texts/grc/lucian.de_saltatione.tess,True
tesserae/texts/grc/lucian.de_syria_dea.tess,True
tesserae/texts/grc/lucian.dearum_iudicium.tess,True
tesserae/texts/grc/lucian.demonax.tess,True
tesserae/texts/grc/lucian.deorum_consilium.tess,True
tesserae/texts/grc/lucian.dialogi_deorum.tess,True
tesserae/texts/grc/lucian.dialogi_marini.tess,True
tesserae/texts/grc/lucian.dialogi_meretricii.tess,True
tesserae/texts/grc/lucian.dialogi_mortuorum.tess,True
tesserae/texts/grc/lucian.dipsades.tess,True
tesserae/texts/grc/lucian.electrum.tess,True
tesserae/texts/grc/lucian.eunuchus.tess,True
tesserae/texts/grc/lucian.fugitivi.tess,True
tesserae/texts/grc/lucian.gallus.tess,True
tesserae/texts/grc/lucian.harmonides.tess,True
tesserae/texts/grc/lucian.hercules.tess,True
tesserae/texts/grc/lucian.hermotimus.tess,True
tesserae/texts/grc/lucian.herodotus.tess,True
tesserae/texts/grc/lucian.hesiod.tess,True
tesserae/texts/grc/lucian.hippias.tess,True
tesserae/texts/grc/lucian.icaromenippus.tess,True
tesserae/texts/grc/lucian.imagines.tess,True
tesserae/texts/grc/lucian.iudicium_vocalium.tess,True
tesserae/texts/grc/lucian.iuppiter_confuatus.tess,True
tesserae/texts/grc/lucian.iuppiter_tragoedus.tess,True
tesserae/texts/grc/lucian.lexiphanes.tess,True
tesserae/texts/grc/lucian.marcrobii.tess,True
tesserae/texts/grc/lucian.muscae_encomium.tess,True
tesserae/texts/grc/lucian.navigium.tess,True
tesserae/texts/grc/lucian.necyomantia.tess,True
tesserae/texts/grc/lucian.nigrinus.tess,True
tesserae/texts/grc/lucian.patriae_encomium.tess,True
tesserae/texts/grc/lucian.phalaris.tess,True
tesserae/texts/grc/lucian.philopseudes.tess,True
tesserae/texts/grc/lucian.piscator.tess,True
tesserae/texts/grc/lucian.podagra.tess,True
tesserae/texts/grc/lucian.pro_imaginibus.tess,True
tesserae/texts/grc/lucian.pro_lapsu_inter_salutandum.tess,True
tesserae/texts/grc/lucian.prometheus.tess,True
tesserae/texts/grc/lucian.prometheus_es_in_verbis.tess,True
tesserae/texts/grc/lucian.pseudologista.tess,True
tesserae/texts/grc/lucian.quomodo_historia_conscribenda_sit.tess,True
tesserae/texts/grc/lucian.rhetorum_praeceptor.tess,True
tesserae/texts/grc/lucian.saturnalia.tess,True
tesserae/texts/grc/lucian.scytha.tess,True
tesserae/texts/grc/lucian.soleocista.tess,True
tesserae/texts/grc/lucian.somnium.tess,True
tesserae/texts/grc/lucian.symposium.tess,True
tesserae/texts/grc/lucian.timon.tess,True
tesserae/texts/grc/lucian.toxaris_vel_amicitia.tess,True
tesserae/texts/grc/lucian.tyrannicida.tess,True
tesserae/texts/grc/lucian.verae_historiae.tess,True
tesserae/texts/grc/lucian.vitarum_auctio.tess,True
tesserae/texts/grc/lucian.zeuxis.tess,True
tesserae/texts/grc/lycophron.alexandra.tess,False
tesserae/texts/grc/lycurgus.against_leocrates.tess,True
tesserae/texts/grc/lysias.speeches.tess,True
tesserae/texts/grc/lysias.speeches/lysias.speeches.part.1.tess,True
tesserae/texts/grc/lysias.speeches/lysias.speeches.part.10.tess,True
tesserae/texts/grc/lysias.speeches/lysias.speeches.part.11.tess,True
tesserae/texts/grc/lysias.speeches/lysias.speeches.part.12.tess,True
tesserae/texts/grc/lysias.speeches/lysias.speeches.part.13.tess,True
tesserae/texts/grc/lysias.speeches/lysias.speeches.part.14.tess,True
tesserae/texts/grc/lysias.speeches/lysias.speeches.part.15.tess,True
tesserae/texts/grc/lysias.speeches/lysias.speeches.part.16.tess,True
tesserae/texts/grc/lysias.speeches/lysias.speeches.part.17.tess,True
tesserae/texts/grc/lysias.speeches/lysias.speeches.part.18.tess,True
tesserae/texts/grc/lysias.speeches/lysias.speeches.part.19.tess,True
tesserae/texts/grc/lysias.speeches/lysias.speeches.part.2.tess,True
tesserae/texts/grc/lysias.speeches/lysias.speeches.part.20.tess,True
tesserae/texts/grc/lysias.speeches/lysias.speeches.part.21.tess,True
tesserae/texts/grc/lysias.speeches/lysias.speeches.part.22.tess,True
tesserae/texts/grc/lysias.speeches/lysias.speeches.part.23.tess,True
tesserae/texts/grc/lysias.speeches/lysias.speeches.part.24.tess,True
tesserae/texts/grc/lysias.speeches/lysias.speeches.part.25.tess,True
tesserae/texts/grc/lysias.speeches/lysias.speeches.part.26.tess,True
tesserae/texts/grc/lysias.speeches/lysias.speeches.part.27.tess,True
tesserae/texts/grc/lysias.speeches/lysias.speeches.part.28.tess,True
tesserae/texts/grc/lysias.speeches/lysias.speeches.part.29.tess,True
tesserae/texts/grc/lysias.speeches/lysias.speeches.part.3.tess,True
tesserae/texts/grc/lysias.speeches/lysias.speeches.part.30.tess,True
tesserae/texts/grc/lysias.speeches/lysias.speeches.part.31.tess,True
tesserae/texts/grc/lysias.speeches/lysias.speeches.part.32.tess,True
tesserae/texts/grc/lysias.speeches/lysias.speeches.part.33.tess,True
tesserae/texts/grc/lysias.speeches/lysias.speeches.part.34.tess,True
tesserae/texts/grc/lysias.speeches/lysias.speeches.part.4.tess,True
tesserae/texts/grc/lysias.speeches/lysias.speeches.part.5.tess,True
tesserae/texts/grc/lysias.speeches/lysias.speeches.part.6.tess,True
tesserae/texts/grc/lysias.speeches/lysias.speeches.part.7.tess,True
tesserae/texts/grc/lysias.speeches/lysias.speeches.part.8.tess,True
tesserae/texts/grc/lysias.speeches/lysias.speeches.part.9.tess,True
tesserae/texts/grc/marcus_aurelius.m._antonius_imperator_ad_se_ipsum.tess,True
tesserae/texts/grc/nonnus_of_panopolis.dionysiaca.tess,False
tesserae/texts/grc/nonnus_of_panopolis.dionysiaca/nonnus_of_panopolis.dionysiaca.part.1.books_1-10.tess,False
tesserae/texts/grc/nonnus_of_panopolis.dionysiaca/nonnus_of_panopolis.dionysiaca.part.2.books_11-20.tess,False
tesserae/texts/grc/nonnus_of_panopolis.dionysiaca/nonnus_of_panopolis.dionysiaca.part.3.books_21-30.tess,False
tesserae/texts/grc/nonnus_of_panopolis.dionysiaca/nonnus_of_panopolis.dionysiaca.part.4.books_31-40.tess,False
tesserae/texts/grc/nonnus_of_panopolis.dionysiaca/nonnus_of_panopolis.dionysiaca.part.5.books_41-48.tess,False
tesserae/texts/grc/oppian.halieutica.tess,False
tesserae/texts/grc/oppian.halieutica/oppian.halieutica.part.1.tess,False
tesserae/texts/grc/oppian.halieutica/oppian.halieutica.part.2.tess,False
tesserae/texts/grc/oppian.halieutica/oppian.halieutica.part.3.tess,False
tesserae/texts/grc/oppian.halieutica/oppian.halieutica.part.4.tess,False
tesserae/texts/grc/oppian.halieutica/oppian.halieutica.part.5.tess,False
tesserae/texts/grc/oppian_of apamea.cynegetica/oppian_of_apamea.cynegetica.part.1.tess,False
tesserae/texts/grc/oppian_of apamea.cynegetica/oppian_of_apamea.cynegetica.part.2.tess,False
tesserae/texts/grc/oppian_of apamea.cynegetica/oppian_of_apamea.cynegetica.part.3.tess,False
tesserae/texts/grc/oppian_of apamea.cynegetica/oppian_of_apamea.cynegetica.part.4.tess,False
tesserae/texts/grc/oppian_of_apamea.cynegetica.tess,False
tesserae/texts/grc/pausanias.description_of_greece.tess,True
tesserae/texts/grc/pausanias.description_of_greece/pausanias.description_of_greece.part.1.tess,True
tesserae/texts/grc/pausanias.description_of_greece/pausanias.description_of_greece.part.10.tess,True
tesserae/texts/grc/pausanias.description_of_greece/pausanias.description_of_greece.part.2.tess,True
tesserae/texts/grc/pausanias.description_of_greece/pausanias.description_of_greece.part.3.tess,True
tesserae/texts/grc/pausanias.description_of_greece/pausanias.description_of_greece.part.4.tess,True
tesserae/texts/grc/pausanias.description_of_greece/pausanias.description_of_greece.part.5.tess,True
tesserae/texts/grc/pausanias.description_of_greece/pausanias.description_of_greece.part.6.tess,True
tesserae/texts/grc/pausanias.description_of_greece/pausanias.description_of_greece.part.7.tess,True
tesserae/texts/grc/pausanias.description_of_greece/pausanias.description_of_greece.part.8.tess,True
tesserae/texts/grc/pausanias.description_of_greece/pausanias.description_of_greece.part.9.tess,True
tesserae/texts/grc/philostratus_the_athenian.de_gymnastica.tess,True
tesserae/texts/grc/philostratus_the_athenian.epistulae_et_dialexeis.tess,True
tesserae/texts/grc/philostratus_the_athenian.heroicus.tess,True
tesserae/texts/grc/philostratus_the_athenian.vita_apollonii.tess,True
tesserae/texts/grc/philostratus_the_athenian.vita_apollonii/philostratus_the_athenian.vita_apollonii.part.1.tess,True
tesserae/texts/grc/philostratus_the_athenian.vita_apollonii/philostratus_the_athenian.vita_apollonii.part.2.tess,True
tesserae/texts/grc/philostratus_the_athenian.vita_apollonii/philostratus_the_athenian.vita_apollonii.part.3.tess,True
tesserae/texts/grc/philostratus_the_athenian.vita_apollonii/philostratus_the_athenian.vita_apollonii.part.4.tess,True
tesserae/texts/grc/philostratus_the_athenian.vita_apollonii/philostratus_the_athenian.vita_apollonii.part.5.tess,True
tesserae/texts/grc/philostratus_the_athenian.vita_apollonii/philostratus_the_athenian.vita_apollonii.part.6.tess,True
tesserae/texts/grc/philostratus_the_athenian.vita_apollonii/philostratus_the_athenian.vita_apollonii.part.7.tess,True
tesserae/texts/grc/philostratus_the_athenian.vita_apollonii/philostratus_the_athenian.vita_apollonii.part.8.tess,True
tesserae/texts/grc/philostratus_the_athenian.vitae_sophistarum.tess,True
tesserae/texts/grc/philostratus_the_lemnian.imagines.tess,True
tesserae/texts/grc/pindar.odes.tess,False
tesserae/texts/grc/pindar.odes/pindar.odes.part.1.isthmeans.tess,False
tesserae/texts/grc/pindar.odes/pindar.odes.part.2.nemeans.tess,False
tesserae/texts/grc/pindar.odes/pindar.odes.part.3.olympians.tess,False
tesserae/texts/grc/pindar.odes/pindar.odes.part.4.pythians.tess,False
tesserae/texts/grc/plato.alcibiades_1.tess,True
tesserae/texts/grc/plato.alcibiades_2.tess,True
tesserae/texts/grc/plato.apologia.tess,True
tesserae/texts/grc/plato.charmides.tess,True
tesserae/texts/grc/plato.cleitophon.tess,True
tesserae/texts/grc/plato.cratylus.tess,True
tesserae/texts/grc/plato.critias.tess,True
tesserae/texts/grc/plato.crito.tess,True
tesserae/texts/grc/plato.epinomis.tess,True
tesserae/texts/grc/plato.epistles.tess,True
tesserae/texts/grc/plato.epistles/plato.epistles.part.1.tess,True
tesserae/texts/grc/plato.epistles/plato.epistles.part.10.tess,True
tesserae/texts/grc/plato.epistles/plato.epistles.part.11.tess,True
tesserae/texts/grc/plato.epistles/plato.epistles.part.12.tess,True
tesserae/texts/grc/plato.epistles/plato.epistles.part.13.tess,True
tesserae/texts/grc/plato.epistles/plato.epistles.part.2.tess,True
tesserae/texts/grc/plato.epistles/plato.epistles.part.3.tess,True
tesserae/texts/grc/plato.epistles/plato.epistles.part.4.tess,True
tesserae/texts/grc/plato.epistles/plato.epistles.part.5.tess,True
tesserae/texts/grc/plato.epistles/plato.epistles.part.6.tess,True
tesserae/texts/grc/plato.epistles/plato.epistles.part.7.tess,True
tesserae/texts/grc/plato.epistles/plato.epistles.part.8.tess,True
tesserae/texts/grc/plato.epistles/plato.epistles.part.9.tess,True
tesserae/texts/grc/plato.erastai.tess,True
tesserae/texts/grc/plato.euthydemus.tess,True
tesserae/texts/grc/plato.euthyphro.tess,True
tesserae/texts/grc/plato.gorgias.tess,True
tesserae/texts/grc/plato.hipparchus.tess,True
tesserae/texts/grc/plato.hippias_maior.tess,True
tesserae/texts/grc/plato.hippias_minor.tess,True
tesserae/texts/grc/plato.ion.tess,True
tesserae/texts/grc/plato.laches.tess,True
tesserae/texts/grc/plato.leges.tess,True
tesserae/texts/grc/plato.leges/plato.leges.part.1.tess,True
tesserae/texts/grc/plato.leges/plato.leges.part.10.tess,True
tesserae/texts/grc/plato.leges/plato.leges.part.11.tess,True
tesserae/texts/grc/plato.leges/plato.leges.part.12.tess,True
tesserae/texts/grc/plato.leges/plato.leges.part.2.tess,True
tesserae/texts/grc/plato.leges/plato.leges.part.3.tess,True
tesserae/texts/grc/plato.leges/plato.leges.part.4.tess,True
tesserae/texts/grc/plato.leges/plato.leges.part.5.tess,True
tesserae/texts/grc/plato.leges/plato.leges.part.6.tess,True
tesserae/texts/grc/plato.leges/plato.leges.part.7.tess,True
tesserae/texts/grc/plato.leges/plato.leges.part.8.tess,True
tesserae/texts/grc/plato.leges/plato.leges.part.9.tess,True
tesserae/texts/grc/plato.lovers.tess,True
tesserae/texts/grc/plato.lysis.tess,True
tesserae/texts/grc/plato.menexenus.tess,True
tesserae/texts/grc/plato.meno.tess,True
tesserae/texts/grc/plato.minos.tess,True
tesserae/texts/grc/plato.parmenides.tess,True
tesserae/texts/grc/plato.phaedo.tess,True
tesserae/texts/grc/plato.phaedrus.tess,True
tesserae/texts/grc/plato.philebus.tess,True
tesserae/texts/grc/plato.politicus.tess,True
tesserae/texts/grc/plato.protagoras.tess,True
tesserae/texts/grc/plato.respublica.tess,True
tesserae/texts/grc/plato.respublica/plato.respublica.part.1.tess,True
tesserae/texts/grc/plato.respublica/plato.respublica.part.10.tess,True
tesserae/texts/grc/plato.respublica/plato.respublica.part.2.tess,True
tesserae/texts/grc/plato.respublica/plato.respublica.part.3.tess,True
tesserae/texts/grc/plato.respublica/plato.respublica.part.4.tess,True
tesserae/texts/grc/plato.respublica/plato.respublica.part.5.tess,True
tesserae/texts/grc/plato.respublica/plato.respublica.part.6.tess,True
tesserae/texts/grc/plato.respublica/plato.respublica.part.7.tess,True
tesserae/texts/grc/plato.respublica/plato.respublica.part.8.tess,True
tesserae/texts/grc/plato.respublica/plato.respublica.part.9.tess,True
tesserae/texts/grc/plato.sophista.tess,True
tesserae/texts/grc/plato.statesman.tess,True
tesserae/texts/grc/plato.symposium.tess,True
tesserae/texts/grc/plato.theaetetus.tess,True
tesserae/texts/grc/plato.theages.tess,True
tesserae/texts/grc/plato.timaeus.tess,True
tesserae/texts/grc/plutarch.ad_principem_ineruditum.tess,True
tesserae/texts/grc/plutarch.adversus_colotem.tess,True
tesserae/texts/grc/plutarch.aemilius_paulus.tess,True
tesserae/texts/grc/plutarch.agesilaus.tess,True
tesserae/texts/grc/plutarch.agis.tess,True
tesserae/texts/grc/plutarch.alcibiades.tess,True
tesserae/texts/grc/plutarch.alexander.tess,True
tesserae/texts/grc/plutarch.amatoriae_narrationes.tess,True
tesserae/texts/grc/plutarch.amatorius.tess,True
tesserae/texts/grc/plutarch.an_recte_dictum_sit_latenter_esse_vivendum.tess,True
tesserae/texts/grc/plutarch.an_seni_respublica_gerenda_sit.tess,True
tesserae/texts/grc/plutarch.an_virtus_doceri_possit.tess,True
tesserae/texts/grc/plutarch.an_vitiositas_ad_infelicitatem_sufficia.tess,True
tesserae/texts/grc/plutarch.animine_an_corporis_affectiones_sint_piores.tess,True
tesserae/texts/grc/plutarch.antony.tess,True
tesserae/texts/grc/plutarch.apophthegmata_laconica.tess,True
tesserae/texts/grc/plutarch.aquane_an_ignis_sit_utilior.tess,True
tesserae/texts/grc/plutarch.aratus.tess,True
tesserae/texts/grc/plutarch.aristides.tess,True
tesserae/texts/grc/plutarch.artaxerxes.tess,True
tesserae/texts/grc/plutarch.bruta_animalia_ratione_uti.tess,True
tesserae/texts/grc/plutarch.brutus.tess,True
tesserae/texts/grc/plutarch.caesar.tess,True
tesserae/texts/grc/plutarch.caius_gracchus.tess,True
tesserae/texts/grc/plutarch.caius_marcius_coriolanus.tess,True
tesserae/texts/grc/plutarch.caius_marius.tess,True
tesserae/texts/grc/plutarch.camillus.tess,True
tesserae/texts/grc/plutarch.cato_minor.tess,True
tesserae/texts/grc/plutarch.cicero.tess,True
tesserae/texts/grc/plutarch.cimon.tess,True
tesserae/texts/grc/plutarch.cleomenes.tess,True
tesserae/texts/grc/plutarch.comparationis_aristophanes_et_menandri_compendium.tess,True
tesserae/texts/grc/plutarch.comparison_aegisalius_pompey.tess,True
tesserae/texts/grc/plutarch.comparison_agis_cleomenes_gracchi.tess,True
tesserae/texts/grc/plutarch.comparison_alcibiades_coriolanus.tess,True
tesserae/texts/grc/plutarch.comparison_aristides_cato.tess,True
tesserae/texts/grc/plutarch.comparison_demetrius_antony.tess,True
tesserae/texts/grc/plutarch.comparison_of_demosthenes_with_cicero.tess,True
tesserae/texts/grc/plutarch.comparison_of_dion_and_brutus.tess,True
tesserae/texts/grc/plutarch.comparison_of_lucullus_and_cimon.tess,True
tesserae/texts/grc/plutarch.comparison_of_lycurgus_and_numa.tess,True
tesserae/texts/grc/plutarch.comparison_of_lysander_sulla.tess,True
tesserae/texts/grc/plutarch.comparison_of_nicias_and_crassus.tess,True
tesserae/texts/grc/plutarch.comparison_of_pelopidas_and_marcellus.tess,True
tesserae/texts/grc/plutarch.comparison_of_pericles_and_fabius_maximus.tess,True
tesserae/texts/grc/plutarch.comparison_of_philopoemen_and_titus.tess,True
tesserae/texts/grc/plutarch.comparison_of_sertorius_and_eumenes.tess,True
tesserae/texts/grc/plutarch.comparison_of_solon_and_publicola.tess,True
tesserae/texts/grc/plutarch.comparison_of_theseus_and_romulus.tess,True
tesserae/texts/grc/plutarch.comparison_of_timoleon_and_aemilius.tess,True
tesserae/texts/grc/plutarch.compendium_argumenti_stoicos_absurdiora_poetis_dicere.tess,True
tesserae/texts/grc/plutarch.compendium_libri_de_animae_procreatione_in_timaeo.tess,True
tesserae/texts/grc/plutarch.conjugalia_praecepta.tess,True
tesserae/texts/grc/plutarch.consolatio_ad_apollonium.tess,True
tesserae/texts/grc/plutarch.consolatio_ad_uxorem.tess,True
tesserae/texts/grc/plutarch.crassus.tess,True
tesserae/texts/grc/plutarch.de_alexandri_magni_fortuna_aut_virtute.tess,True
tesserae/texts/grc/plutarch.de_amicorum_multitudine.tess,True
tesserae/texts/grc/plutarch.de_amore_prolis.tess,True
tesserae/texts/grc/plutarch.de_animae_procreatione_in_timaeo.tess,True
tesserae/texts/grc/plutarch.de_capienda_ex_inimicis_utilitate.tess,True
tesserae/texts/grc/plutarch.de_cohibenda_ira.tess,True
tesserae/texts/grc/plutarch.de_communibus_notitiis_adversus_stoicos.tess,True
tesserae/texts/grc/plutarch.de_cupiditate_divitiarum.tess,True
tesserae/texts/grc/plutarch.de_curiositate.tess,True
tesserae/texts/grc/plutarch.de_defectu_oraculorum.tess,True
tesserae/texts/grc/plutarch.de_e_delphos.tess,True
tesserae/texts/grc/plutarch.de_esu_carnium.tess,True
tesserae/texts/grc/plutarch.de_esu_carnium_2.tess,True
tesserae/texts/grc/plutarch.de_exilio.tess,True
tesserae/texts/grc/plutarch.de_faciae_quae_in_orbe_lunae_apparet.tess,True
tesserae/texts/grc/plutarch.de_fato.tess,True
tesserae/texts/grc/plutarch.de_fortuna.tess,True
tesserae/texts/grc/plutarch.de_fortuna_romanorum.tess,True
tesserae/texts/grc/plutarch.de_fraterno_amore.tess,True
tesserae/texts/grc/plutarch.de_garrulitate.tess,True
tesserae/texts/grc/plutarch.de_genio_socratis.tess,True
tesserae/texts/grc/plutarch.de_gloria_atheniensium.tess,True
tesserae/texts/grc/plutarch.de_herodoti_malignitate.tess,True
tesserae/texts/grc/plutarch.de_invidia_et_odio.tess,True
tesserae/texts/grc/plutarch.de_iside_et_osiride.tess,True
tesserae/texts/grc/plutarch.de_liberis_educandis.tess,True
tesserae/texts/grc/plutarch.de_primo_frigido.tess,True
tesserae/texts/grc/plutarch.de_pythiae_oraculis.tess,True
tesserae/texts/grc/plutarch.de_recta_ratione_audiendi.tess,True
tesserae/texts/grc/plutarch.de_se_ipsum_citra_invidiam_laudando.tess,True
tesserae/texts/grc/plutarch.de_sera_numinis_vindicta.tess,True
tesserae/texts/grc/plutarch.de_sollertia_animalium.tess,True
tesserae/texts/grc/plutarch.de_stoicorum_repugnantis.tess,True
tesserae/texts/grc/plutarch.de_superstitione.tess,True
tesserae/texts/grc/plutarch.de_tranquilitate_animi.tess,True
tesserae/texts/grc/plutarch.demetrius.tess,True
tesserae/texts/grc/plutarch.epitome_argumenti_stoicos.tess,True
tesserae/texts/grc/plutarch.epitome_libri_de_animae_procreatione.tess,True
tesserae/texts/grc/plutarch.fabius_maximus.tess,True
tesserae/texts/grc/plutarch.galba.tess,True
tesserae/texts/grc/plutarch.instituta_laconica.tess,True
tesserae/texts/grc/plutarch.lacaenarum_apophthegmata.tess,True
tesserae/texts/grc/plutarch.lucullus.tess,True
tesserae/texts/grc/plutarch.lycurgus.tess,True
tesserae/texts/grc/plutarch.marcellus.tess,True
tesserae/texts/grc/plutarch.marcus_cato.tess,True
tesserae/texts/grc/plutarch.maxime_cum_princibus_philsopho_esse_diserendum.tess,True
tesserae/texts/grc/plutarch.mulierum_virtutes.tess,True
tesserae/texts/grc/plutarch.nicias.tess,True
tesserae/texts/grc/plutarch.non_posse_suaviter_vivi_secundum_epicurum.tess,True
tesserae/texts/grc/plutarch.numa.tess,True
tesserae/texts/grc/plutarch.otho.tess,True
tesserae/texts/grc/plutarch.parallela_minora.tess,True
tesserae/texts/grc/plutarch.pelopidas.tess,True
tesserae/texts/grc/plutarch.pericles.tess,True
tesserae/texts/grc/plutarch.philopoemen.tess,True
tesserae/texts/grc/plutarch.phocion.tess,True
tesserae/texts/grc/plutarch.platonicae_quaestiones.tess,True
tesserae/texts/grc/plutarch.pompey.tess,True
tesserae/texts/grc/plutarch.praecepta_gerendae_reipublicae.tess,True
tesserae/texts/grc/plutarch.publicola.tess,True
tesserae/texts/grc/plutarch.pyrrhus.tess,True
tesserae/texts/grc/plutarch.quaestiones_convivales.tess,True
tesserae/texts/grc/plutarch.quaestiones_graecae.tess,True
tesserae/texts/grc/plutarch.quaestiones_naturales.tess,True
tesserae/texts/grc/plutarch.quaestiones_romanae.tess,True
tesserae/texts/grc/plutarch.quomodo_adolescens_poetas_audire_debeat.tess,True
tesserae/texts/grc/plutarch.quomodo_adulator_ab_amico_internoscatur.tess,True
tesserae/texts/grc/plutarch.quomodo_quis_suos_in_virtute_sentiat_profectus.tess,True
tesserae/texts/grc/plutarch.regum_et_imperatorum_apophthegmata.tess,True
tesserae/texts/grc/plutarch.romulus.tess,True
tesserae/texts/grc/plutarch.septem_sapientium_convivium.tess,True
tesserae/texts/grc/plutarch.sertorius.tess,True
tesserae/texts/grc/plutarch.solon.tess,True
tesserae/texts/grc/plutarch.sulla.tess,True
tesserae/texts/grc/plutarch.themistocles.tess,True
tesserae/texts/grc/plutarch.theseus.tess,True
tesserae/texts/grc/plutarch.tiberius_gracchus.tess,True
tesserae/texts/grc/plutarch.timoleon.tess,True
tesserae/texts/grc/plutarch.titus_flamininus.tess,True
tesserae/texts/grc/plutarch.vitae_decem_oratorum.tess,True
tesserae/texts/grc/plutarch/plutarch.adversus_colotem.tess,True
tesserae/texts/grc/plutarch/plutarch.aemilius_paulus.tess,True
tesserae/texts/grc/plutarch/plutarch.agesilaus.tess,True
tesserae/texts/grc/plutarch/plutarch.agis.tess,True
tesserae/texts/grc/plutarch/plutarch.alcibiades.tess,True
tesserae/texts/grc/plutarch/plutarch.alexander.tess,True
tesserae/texts/grc/plutarch/plutarch.amatoriae_narrationes.tess,True
tesserae/texts/grc/plutarch/plutarch.amatorius.tess,True
tesserae/texts/grc/plutarch/plutarch.de_alexandri_magni_fortuna_aut_virtute.tess,True
tesserae/texts/grc/plutarch/plutarch.de_amicorum_multitudine.tess,True
tesserae/texts/grc/plutarch/plutarch.de_amore_prolis.tess,True
tesserae/texts/grc/plutarch/plutarch.de_animae_procreatione_in_timaeo.tess,True
tesserae/texts/grc/plutarch/plutarch.de_capienda_ex_inimicis_utilitate.tess,True
tesserae/texts/grc/plutarch/plutarch.de_cohibenda_ira.tess,True
tesserae/texts/grc/plutarch/plutarch.de_communibus_notitiis_adversus_stoicos .tess,True
tesserae/texts/grc/plutarch/plutarch.de_cupiditate_divitiarum.tess,True
tesserae/texts/grc/plutarch/plutarch.de_curiositate.tess,True
tesserae/texts/grc/plutarch/plutarch.parallela_minora .tess,True
tesserae/texts/grc/plutarch/plutarch.pelopidas.tess,True
tesserae/texts/grc/plutarch/plutarch.pericles.tess,True
tesserae/texts/grc/plutarch/plutarch.philopoemen.tess,True
tesserae/texts/grc/plutarch/plutarch.phocion.tess,True
tesserae/texts/grc/plutarch/plutarch.pompey.tess,True
tesserae/texts/grc/plutarch/plutarch.praecepta_gerendae_reipublicae.tess,True
tesserae/texts/grc/plutarch/plutarch.publicola.tess,True
tesserae/texts/grc/plutarch/plutarch.quaestiones_convivales.tess,True
tesserae/texts/grc/plutarch/plutarch.questiones_graecae.tess,True
tesserae/texts/grc/plutarch/plutarch.questiones_romanae.tess,True
tesserae/texts/grc/plutarch/plutarch.quomodo_adolescens_poetas_audire_debeat.tess,True
tesserae/texts/grc/plutarch/plutarch.quomodo_adulator_ab_amico_internoscatur.tess,True
tesserae/texts/grc/plutarch/plutarch.quomodo_quis_suos_in_virtute_sentiat_profectus.tess,True
tesserae/texts/grc/plutarch/plutarch_amatorius.tess,True
tesserae/texts/grc/polybius.histories.tess,True
tesserae/texts/grc/pseudo_plutarch.de_musica.tess,True
tesserae/texts/grc/pseudo_plutarch.placita_philosophorum.tess,True
tesserae/texts/grc/quintus_smyrnaeus.fall_of_troy.tess,False
tesserae/texts/grc/quintus_smyrnaeus.fall_of_troy/quintus_smyrnaeus.fall_of_troy.part.1.tess,False
tesserae/texts/grc/quintus_smyrnaeus.fall_of_troy/quintus_smyrnaeus.fall_of_troy.part.10.tess,False
tesserae/texts/grc/quintus_smyrnaeus.fall_of_troy/quintus_smyrnaeus.fall_of_troy.part.11.tess,False
tesserae/texts/grc/quintus_smyrnaeus.fall_of_troy/quintus_smyrnaeus.fall_of_troy.part.12.tess,False
tesserae/texts/grc/quintus_smyrnaeus.fall_of_troy/quintus_smyrnaeus.fall_of_troy.part.13.tess,False
tesserae/texts/grc/quintus_smyrnaeus.fall_of_troy/quintus_smyrnaeus.fall_of_troy.part.14.tess,False
tesserae/texts/grc/quintus_smyrnaeus.fall_of_troy/quintus_smyrnaeus.fall_of_troy.part.2.tess,False
tesserae/texts/grc/quintus_smyrnaeus.fall_of_troy/quintus_smyrnaeus.fall_of_troy.part.3.tess,False
tesserae/texts/grc/quintus_smyrnaeus.fall_of_troy/quintus_smyrnaeus.fall_of_troy.part.4.tess,False
tesserae/texts/grc/quintus_smyrnaeus.fall_of_troy/quintus_smyrnaeus.fall_of_troy.part.5.tess,False
tesserae/texts/grc/quintus_smyrnaeus.fall_of_troy/quintus_smyrnaeus.fall_of_troy.part.6.tess,False
tesserae/texts/grc/quintus_smyrnaeus.fall_of_troy/quintus_smyrnaeus.fall_of_troy.part.7.tess,False
tesserae/texts/grc/quintus_smyrnaeus.fall_of_troy/quintus_smyrnaeus.fall_of_troy.part.8.tess,False
tesserae/texts/grc/quintus_smyrnaeus.fall_of_troy/quintus_smyrnaeus.fall_of_troy.part.9.tess,False
tesserae/texts/grc/sophocles.ajax.tess,False
tesserae/texts/grc/sophocles.antigone.tess,False
tesserae/texts/grc/sophocles.electra.tess,False
tesserae/texts/grc/sophocles.ichneutae.tess,False
tesserae/texts/grc/sophocles.oedipus_at_colonus.tess,False
tesserae/texts/grc/sophocles.oedipus_tyrannus.tess,False
tesserae/texts/grc/sophocles.philoctetes.tess,False
tesserae/texts/grc/sophocles.trachiniae.tess,False
tesserae/texts/grc/strabo.geography.tess,True
tesserae/texts/grc/strabo.geography/strabo.geography.part.1.tess,True
tesserae/texts/grc/strabo.geography/strabo.geography.part.10.tess,True
tesserae/texts/grc/strabo.geography/strabo.geography.part.11.tess,True
tesserae/texts/grc/strabo.geography/strabo.geography.part.12.tess,True
tesserae/texts/grc/strabo.geography/strabo.geography.part.13.tess,True
tesserae/texts/grc/strabo.geography/strabo.geography.part.14.tess,True
tesserae/texts/grc/strabo.geography/strabo.geography.part.15.tess,True
tesserae/texts/grc/strabo.geography/strabo.geography.part.16.tess,True
tesserae/texts/grc/strabo.geography/strabo.geography.part.17.tess,True
tesserae/texts/grc/strabo.geography/strabo.geography.part.2.tess,True
tesserae/texts/grc/strabo.geography/strabo.geography.part.3.tess,True
tesserae/texts/grc/strabo.geography/strabo.geography.part.4.tess,True
tesserae/texts/grc/strabo.geography/strabo.geography.part.5.tess,True
tesserae/texts/grc/strabo.geography/strabo.geography.part.6.tess,True
tesserae/texts/grc/strabo.geography/strabo.geography.part.7.tess,True
tesserae/texts/grc/strabo.geography/strabo.geography.part.8.tess,True
tesserae/texts/grc/strabo.geography/strabo.geography.part.9.tess,True
tesserae/texts/grc/theocritus.epigrams.tess,False
tesserae/texts/grc/theophrastus.characters.tess,True
tesserae/texts/grc/thucydides.peleponnesian_war.tess,True
tesserae/texts/grc/thucydides.peleponnesian_war/thucydides.peleponnesian_war.part.1.tess,True
tesserae/texts/grc/thucydides.peleponnesian_war/thucydides.peleponnesian_war.part.2.tess,True
tesserae/texts/grc/thucydides.peleponnesian_war/thucydides.peleponnesian_war.part.3.tess,True
tesserae/texts/grc/thucydides.peleponnesian_war/thucydides.peleponnesian_war.part.4.tess,True
tesserae/texts/grc/thucydides.peleponnesian_war/thucydides.peleponnesian_war.part.5.tess,True
tesserae/texts/grc/thucydides.peleponnesian_war/thucydides.peleponnesian_war.part.6.tess,True
tesserae/texts/grc/thucydides.peleponnesian_war/thucydides.peleponnesian_war.part.7.tess,True
tesserae/texts/grc/thucydides.peleponnesian_war/thucydides.peleponnesian_war.part.8.tess,True
tesserae/texts/grc/tryphiodorus.the_taking_of_ilios.tess,True
tesserae/texts/grc/xenophon.anabasis.tess,True
